{"grids":[{"id":"33","name":"Projects","handle":"Projects","postparams":"{\"source-type\":\"post\",\"post_types\":\"portfolio\",\"post_category\":\"portfolio_category_buildings,portfolio_category_interior-design,portfolio_category_isolation,portfolio_category_plumbing,portfolio_category_tiling\",\"additional-query\":\"\",\"selected_pages\":\"\",\"max_entries\":\"-1\",\"media-source-order\":[\"featured-image\"],\"default-image\":\"98\",\"image-source-type\":\"page-box\"}","params":"{\"layout-sizing\":\"boxed\",\"fullscreen-offset-container\":\"\",\"layout\":\"even\",\"content-push\":\"off\",\"x-ratio\":\"4\",\"y-ratio\":\"3\",\"rtl\":\"off\",\"columns-advanced\":\"on\",\"columns-width\":[\"1400\",\"1170\",\"1024\",\"960\",\"778\",\"640\",\"480\"],\"columns\":[\"4\",\"4\",\"4\",\"3\",\"3\",\"3\",\"1\"],\"rows-unlimited\":\"off\",\"rows\":\"1\",\"load-more\":\"none\",\"load-more-text\":\"Load More\",\"load-more-show-number\":\"on\",\"load-more-start\":\"3\",\"load-more-amount\":\"3\",\"lazy-loading\":\"off\",\"lazy-load-color\":\"#FFFFFF\",\"0\":\"\",\"spacings\":\"30\",\"grid-padding\":[\"0\",\"0\",\"25\",\"0\"],\"main-background-color\":\"transparent\",\"navigation-skin\":\"buildpress\",\"entry-skin\":\"buildpress-item-skin\",\"grid-animation\":\"fade\",\"grid-animation-speed\":\"300\",\"grid-animation-delay\":\"1\",\"hover-animation-delay\":\"1\",\"top-1-align\":\"left\",\"top-1-margin-bottom\":\"30\",\"top-2-align\":\"left\",\"top-2-margin-bottom\":\"0\",\"bottom-1-align\":\"center\",\"bottom-1-margin-top\":\"30\",\"bottom-2-align\":\"center\",\"bottom-2-margin-top\":\"0\",\"left-margin-left\":\"30\",\"right-margin-right\":\"30\",\"module-spacings\":\"0\",\"pagination-scroll\":\"off\",\"pagination-scroll-offset\":\"0\",\"filter-arrows\":\"single\",\"filter-logic\":\"or\",\"filter-all-text\":\"All Projects\",\"filter-listing\":\"list\",\"filter-dropdown-text\":\"Filter Categories\",\"filter-selected\":[\"portfolio_category_24\",\"portfolio_category_25\",\"portfolio_category_26\",\"portfolio_category_27\",\"portfolio_category_28\"],\"sort-by-text\":\"Sort By \",\"sorting-order-by\":\"date\",\"sorting-order-by-start\":\"none\",\"sorting-order-by-start-meta\":\"\",\"sorting-order-type\":\"ASC\",\"poster-source-order\":[\"featured-image\"],\"lb-source-order\":[\"featured-image\"],\"lightbox-mode\":\"single\",\"lightbox-type\":\"null\",\"lightbox-position\":\"bottom\",\"lightbox-twitter\":\"off\",\"lightbox-facebook\":\"off\",\"lbox-inpadding\":[\"0\",\"0\",\"0\",\"0\"],\"lbox-padding\":[\"0\",\"0\",\"0\",\"0\"],\"lightbox-effect-open-close\":\"fade\",\"lightbox-effect-open-close-speed\":\"normal\",\"lightbox-effect-next-prev\":\"fade\",\"lightbox-effect-next-prev-speed\":\"normal\",\"lightbox-arrows\":\"on\",\"lightbox-thumbs\":\"off\",\"lbox-thumb-w\":\"50\",\"lbox-thumb-h\":\"50\",\"ajax-container-id\":\"ess-grid-ajax-container-\",\"ajax-container-position\":\"top\",\"ajax-scroll-onload\":\"on\",\"ajax-scrollto-offset\":\"0\",\"ajax-close-button\":\"off\",\"ajax-button-text\":\"Close\",\"ajax-nav-button\":\"off\",\"ajax-button-skin\":\"light\",\"ajax-button-type\":\"type1\",\"ajax-button-inner\":\"false\",\"ajax-button-h-pos\":\"r\",\"ajax-button-v-pos\":\"t\",\"ajax-container-pre\":\"\",\"ajax-container-post\":\"\",\"ajax-container-css\":\"\",\"ajax-callback\":\"\",\"ajax-callback-arg\":\"true\",\"ajax-css-url\":\"\",\"ajax-js-url\":\"\",\"use-spinner\":\"0\",\"spinner-color\":\"#FFFFFF\",\"hide-markup-before-load\":\"on\",\"custom-javascript\":\"\",\"css-id\":\"\",\"navigation-layout\":{\"left\":{\"bottom-1\":\"0\"},\"right\":{\"bottom-1\":\"1\"},\"filter\":{\"top-1\":\"0\"}}}","layers":"[]","settings":null,"last_modified":null},{"id":"36","name":"Projects Page","handle":"Projects Page","postparams":"{\"source-type\":\"post\",\"post_types\":\"portfolio\",\"post_category\":\"portfolio_category_buildings,portfolio_category_interior-design,portfolio_category_isolation,portfolio_category_plumbing,portfolio_category_tiling\",\"additional-query\":\"\",\"selected_pages\":\"\",\"max_entries\":\"-1\",\"media-source-order\":[\"featured-image\"],\"default-image\":\"0\",\"image-source-type\":\"page-box\"}","params":"{\"layout-sizing\":\"boxed\",\"fullscreen-offset-container\":\"\",\"layout\":\"even\",\"content-push\":\"off\",\"x-ratio\":\"4\",\"y-ratio\":\"3\",\"rtl\":\"off\",\"columns-advanced\":\"off\",\"columns-width\":[\"1400\",\"1170\",\"1024\",\"960\",\"778\",\"640\",\"480\"],\"columns\":[\"4\",\"4\",\"4\",\"3\",\"3\",\"3\",\"1\"],\"rows-unlimited\":\"off\",\"rows\":\"5\",\"load-more\":\"none\",\"load-more-text\":\"Load More\",\"load-more-show-number\":\"on\",\"load-more-start\":\"3\",\"load-more-amount\":\"3\",\"lazy-loading\":\"off\",\"lazy-load-color\":\"#FFFFFF\",\"0\":\"\",\"spacings\":\"30\",\"grid-padding\":[\"0\",\"0\",\"30\",\"0\"],\"main-background-color\":\"transparent\",\"navigation-skin\":\"buildpress-light\",\"entry-skin\":\"buildpress-item-skin\",\"grid-animation\":\"fade\",\"grid-animation-speed\":\"300\",\"grid-animation-delay\":\"1\",\"hover-animation-delay\":\"1\",\"top-1-align\":\"left\",\"top-1-margin-bottom\":\"30\",\"top-2-align\":\"center\",\"top-2-margin-bottom\":\"0\",\"bottom-1-align\":\"center\",\"bottom-1-margin-top\":\"30\",\"bottom-2-align\":\"center\",\"bottom-2-margin-top\":\"0\",\"left-margin-left\":\"0\",\"right-margin-right\":\"0\",\"module-spacings\":\"0\",\"pagination-scroll\":\"off\",\"pagination-scroll-offset\":\"0\",\"filter-arrows\":\"single\",\"filter-logic\":\"or\",\"filter-all-text\":\"All Projects\",\"filter-listing\":\"list\",\"filter-dropdown-text\":\"Filter Categories\",\"filter-selected\":[\"portfolio_category_24\",\"portfolio_category_25\",\"portfolio_category_26\",\"portfolio_category_27\",\"portfolio_category_28\"],\"sort-by-text\":\"Sort By \",\"sorting-order-by\":\"date\",\"sorting-order-by-start\":\"none\",\"sorting-order-by-start-meta\":\"\",\"sorting-order-type\":\"ASC\",\"poster-source-order\":[\"featured-image\"],\"lb-source-order\":[\"featured-image\"],\"lightbox-mode\":\"single\",\"lightbox-type\":\"null\",\"lightbox-position\":\"bottom\",\"lightbox-twitter\":\"off\",\"lightbox-facebook\":\"off\",\"lbox-inpadding\":[\"0\",\"0\",\"0\",\"0\"],\"lbox-padding\":[\"0\",\"0\",\"0\",\"0\"],\"lightbox-effect-open-close\":\"fade\",\"lightbox-effect-open-close-speed\":\"normal\",\"lightbox-effect-next-prev\":\"fade\",\"lightbox-effect-next-prev-speed\":\"normal\",\"lightbox-arrows\":\"on\",\"lightbox-thumbs\":\"off\",\"lbox-thumb-w\":\"50\",\"lbox-thumb-h\":\"50\",\"ajax-container-id\":\"ess-grid-ajax-container-\",\"ajax-container-position\":\"top\",\"ajax-scroll-onload\":\"on\",\"ajax-scrollto-offset\":\"0\",\"ajax-close-button\":\"off\",\"ajax-button-text\":\"Close\",\"ajax-nav-button\":\"off\",\"ajax-button-skin\":\"light\",\"ajax-button-type\":\"type1\",\"ajax-button-inner\":\"false\",\"ajax-button-h-pos\":\"r\",\"ajax-button-v-pos\":\"t\",\"ajax-container-pre\":\"\",\"ajax-container-post\":\"\",\"ajax-container-css\":\"\",\"ajax-callback\":\"\",\"ajax-callback-arg\":\"true\",\"ajax-css-url\":\"\",\"ajax-js-url\":\"\",\"use-spinner\":\"0\",\"spinner-color\":\"#FFFFFF\",\"hide-markup-before-load\":\"on\",\"custom-javascript\":\"\",\"css-id\":\"\",\"navigation-layout\":{\"left\":{\"bottom-1\":\"0\"},\"right\":{\"bottom-1\":\"1\"},\"filter\":{\"top-1\":\"0\"}}}","layers":"[]","settings":null,"last_modified":null}],"skins":[{"id":"92","name":"BuildPress Item Skin","handle":"buildpress-item-skin","params":"{\"eg-item-skin-element-last-id\":\"9\",\"choose-layout\":\"even\",\"show-content\":\"none\",\"content-align\":\"center\",\"element-x-ratio\":\"4\",\"element-y-ratio\":\"3\",\"cover-type\":\"full\",\"container-background-color\":\"#0a0a0a\",\"0\":\"Default\",\"element-container-background-color-opacity\":\"75\",\"cover-background-size\":\"cover\",\"cover-background-repeat\":\"no-repeat\",\"cover-background-image\":\"0\",\"cover-background-image-url\":\"\",\"full-bg-color\":\"#ffffff\",\"full-padding\":[\"0\",\"0\",\"0\",\"0\"],\"full-border\":[\"0\",\"0\",\"0\",\"0\"],\"full-border-radius\":[\"2\",\"2\",\"2\",\"2\"],\"full-border-color\":\"#000000\",\"full-border-style\":\"none\",\"full-overflow-hidden\":\"true\",\"content-bg-color\":\"#ffffff\",\"content-padding\":[\"0\",\"0\",\"0\",\"0\"],\"content-border\":[\"0\",\"0\",\"0\",\"0\"],\"content-border-radius\":[\"0\",\"0\",\"0\",\"0\"],\"content-border-color\":\"transparent\",\"content-border-style\":\"none\",\"all-shadow-used\":\"none\",\"content-shadow-color\":\"#000000\",\"content-shadow-alpha\":\"100\",\"content-box-shadow\":[\"0\",\"0\",\"0\",\"0\"],\"cover-animation-top-type\":\"out\",\"cover-animation-delay-top\":\"0\",\"cover-animation-top\":\"none\",\"cover-animation-center-type\":\"\",\"cover-animation-delay-center\":\"0\",\"cover-animation-center\":\"fade\",\"cover-animation-bottom-type\":\"out\",\"cover-animation-delay-bottom\":\"0\",\"cover-animation-bottom\":\"none\",\"cover-group-animation\":\"none\",\"media-animation\":\"none\",\"media-animation-delay\":\"0\",\"link-set-to\":\"none\",\"link-link-type\":\"none\",\"link-url-link\":\"\",\"link-meta-link\":\"\",\"link-javascript-link\":\"\",\"link-target\":\"_self\"}","layers":"[{\"id\":\"1\",\"order\":\"0\",\"container\":\"c\",\"settings\":{\"0\":\"Default\",\"source\":\"post\",\"enable-hover\":\"\",\"font-size\":\"16\",\"line-height\":\"24\",\"color\":\"#ffffff\",\"font-family\":\"\\\"Source Sans Pro\\\",Helvetica,Arial,sans-serif\",\"font-weight\":\"700\",\"text-decoration\":\"none\",\"font-style\":\"\",\"text-transform\":\"capitalize\",\"display\":\"inline-block\",\"text-align\":\"center\",\"float\":\"none\",\"clear\":\"both\",\"margin\":{\"0\":\"0\",\"1\":\"0\",\"2\":\"0\",\"3\":\"0\"},\"padding\":{\"0\":\"4\",\"1\":\"12\",\"2\":\"3\",\"3\":\"12\"},\"background-color\":\"#ffffff\",\"bg-alpha\":\"0\",\"background-size\":\"cover\",\"background-repeat\":\"no-repeat\",\"shadow-color\":\"#000000\",\"shadow-alpha\":\"0\",\"box-shadow\":{\"0\":\"0\",\"1\":\"0\",\"2\":\"0\",\"3\":\"0\"},\"border\":{\"0\":\"0\",\"1\":\"0\",\"2\":\"0\",\"3\":\"0\"},\"border-radius\":{\"0\":\"0\",\"1\":\"0\",\"2\":\"0\",\"3\":\"0\"},\"border-radius-unit\":\"px\",\"border-color\":\"transparent\",\"border-style\":\"none\",\"font-size-hover\":\"13\",\"line-height-hover\":\"14\",\"color-hover\":\"#ffffff\",\"font-family-hover\":\"\",\"font-weight-hover\":\"300\",\"text-decoration-hover\":\"none\",\"font-style-hover\":\"\",\"text-transform-hover\":\"none\",\"background-color-hover\":\"#ffffff\",\"bg-alpha-hover\":\"20\",\"background-size-hover\":\"cover\",\"background-size-x-hover\":\"100\",\"background-size-y-hover\":\"100\",\"background-repeat-hover\":\"no-repeat\",\"shadow-color-hover\":\"#000000\",\"shadow-alpha-hover\":\"100\",\"box-shadow-hover\":{\"0\":\"0\",\"1\":\"0\",\"2\":\"0\",\"3\":\"0\"},\"border-hover\":{\"0\":\"0\",\"1\":\"0\",\"2\":\"0\",\"3\":\"0\"},\"border-radius-hover\":{\"0\":\"0\",\"1\":\"0\",\"2\":\"0\",\"3\":\"0\"},\"border-radius-unit-hover\":\"px\",\"border-color-hover\":\"transparent\",\"border-style-hover\":\"none\",\"hideunder\":\"0\",\"transition\":\"flipdown\",\"delay\":\"0\",\"link-type\":\"none\",\"url-link\":\"\",\"javascript-link\":\"\",\"margin-unit\":\"px\",\"padding-unit\":\"px\",\"border-unit\":\"px\",\"box-shadow-unit\":\"px\",\"transition-type\":\"\",\"position\":\"relative\",\"top-bottom\":\"0\",\"left-right\":\"0\",\"source-separate\":\",\",\"limit-type\":\"none\",\"limit-num\":\"10\",\"tag-type\":\"div\",\"force-important\":\"\",\"align\":\"t_l\",\"absolute-unit\":\"px\",\"hide-on-video\":\"\",\"link-target\":\"_self\",\"source-function\":\"link\",\"hideunderheight\":\"0\",\"hidetype\":\"visibility\",\"show-on-sale\":\"\",\"show-if-featured\":\"\",\"source-text-style-disable\":\"\",\"source-post\":\"title\"}},{\"id\":\"9\",\"order\":\"1\",\"container\":\"c\",\"settings\":{\"background-color\":\"#FFFFFF\",\"bg-alpha\":\"20\",\"clear\":\"both\",\"border-width\":\"0\",\"color\":\"transparent\",\"display\":\"block\",\"font-size\":\"10\",\"font-style\":\"italic\",\"font-weight\":\"700\",\"line-height\":\"5\",\"margin\":[\"0\",\"0\",\"0\",\"0\"],\"padding\":[\"0\",\"0\",\"0\",\"0\"],\"text-align\":\"center\",\"transition\":\"none\",\"text-transform\":\"uppercase\",\"source\":\"text\",\"special\":\"true\",\"font-family\":\"\",\"text-decoration\":\"none\",\"float\":\"none\",\"border\":[\"0\",\"0\",\"0\",\"0\"],\"border-radius\":[\"0\",\"0\",\"0\",\"0\"],\"border-radius-unit\":\"px\",\"border-color\":\"transparent\",\"border-style\":\"solid\",\"shadow-color\":\"#000\",\"shadow-alpha\":\"100\",\"box-shadow\":[\"0\",\"0\",\"0\",\"0\"],\"position\":\"relative\",\"top-bottom\":\"0\",\"left-right\":\"0\",\"source-separate\":\",\",\"limit-type\":\"none\",\"limit-num\":\"10\",\"transition-type\":\"\",\"delay\":\"10\",\"link-type\":\"none\",\"hideunder\":\"0\",\"enable-hover\":\"\",\"attribute\":\"\",\"class\":\"\",\"rel\":\"\",\"tag-type\":\"div\",\"force-important\":\"true\",\"align\":\"t_l\",\"absolute-unit\":\"px\",\"font-size-hover\":\"12\",\"line-height-hover\":\"14\",\"color-hover\":\"#000\",\"font-family-hover\":\"\",\"font-weight-hover\":\"400\",\"text-decoration-hover\":\"none\",\"font-style-hover\":\"\",\"text-transform-hover\":\"none\",\"border-hover\":[\"0\",\"0\",\"0\",\"0\"],\"border-radius-hover\":[\"0\",\"0\",\"0\",\"0\"],\"border-color-hover\":\"transparent\",\"border-style-hover\":\"solid\",\"background-color-hover\":\"#FFF\",\"bg-alpha-hover\":\"100\",\"shadow-color-hover\":\"#000\",\"shadow-alpha-hover\":\"100\",\"box-shadow-hover\":[\"0\",\"0\",\"0\",\"0\"],\"margin-unit\":\"px\",\"padding-unit\":\"px\",\"border-unit\":\"px\",\"box-shadow-unit\":\"px\",\"source-text\":\"LINE-BREAK\"}},{\"id\":\"0\",\"order\":\"2\",\"container\":\"c\",\"settings\":{\"0\":\"Default\",\"source\":\"text\",\"enable-hover\":\"on\",\"font-size\":\"12\",\"line-height\":\"30\",\"color\":\"#454545\",\"font-family\":\"\\\"Source Sans Pro\\\",Helvetica,Arial,sans-serif\",\"font-weight\":\"800\",\"text-decoration\":\"none\",\"font-style\":\"\",\"text-transform\":\"uppercase\",\"display\":\"inline-block\",\"text-align\":\"center\",\"float\":\"none\",\"clear\":\"both\",\"margin\":{\"0\":\"0\",\"1\":\"0\",\"2\":\"0\",\"3\":\"0\"},\"padding\":{\"0\":\"3\",\"1\":\"10\",\"2\":\"2\",\"3\":\"10\"},\"background-color\":\"#f7c51e\",\"bg-alpha\":\"100\",\"background-size\":\"cover\",\"background-repeat\":\"no-repeat\",\"shadow-color\":\"#ffffff\",\"shadow-alpha\":\"0\",\"box-shadow\":{\"0\":\"0\",\"1\":\"0\",\"2\":\"0\",\"3\":\"0\"},\"border\":{\"0\":\"0\",\"1\":\"0\",\"2\":\"0\",\"3\":\"0\"},\"border-radius\":{\"0\":\"2\",\"1\":\"2\",\"2\":\"2\",\"3\":\"2\"},\"border-radius-unit\":\"px\",\"border-color\":\"#617f52\",\"border-style\":\"none\",\"font-size-hover\":\"12\",\"line-height-hover\":\"30\",\"color-hover\":\"#333333\",\"font-family-hover\":\"\\\"Source Sans Pro\\\",Helvetica,Arial,sans-serif\",\"font-weight-hover\":\"800\",\"text-decoration-hover\":\"none\",\"font-style-hover\":\"\",\"text-transform-hover\":\"uppercase\",\"background-color-hover\":\"#e8b91c\",\"bg-alpha-hover\":\"100\",\"background-size-hover\":\"cover\",\"background-size-x-hover\":\"100\",\"background-size-y-hover\":\"100\",\"background-repeat-hover\":\"no-repeat\",\"shadow-color-hover\":\"#000000\",\"shadow-alpha-hover\":\"0\",\"box-shadow-hover\":{\"0\":\"0\",\"1\":\"0\",\"2\":\"0\",\"3\":\"0\"},\"border-hover\":{\"0\":\"0\",\"1\":\"0\",\"2\":\"0\",\"3\":\"0\"},\"border-radius-hover\":{\"0\":\"2\",\"1\":\"2\",\"2\":\"2\",\"3\":\"2\"},\"border-radius-unit-hover\":\"px\",\"border-color-hover\":\"#617f52\",\"border-style-hover\":\"none\",\"hideunder\":\"0\",\"transition\":\"slideup\",\"delay\":\"0\",\"link-type\":\"post\",\"url-link\":\"\",\"javascript-link\":\"\",\"margin-unit\":\"px\",\"padding-unit\":\"px\",\"border-unit\":\"px\",\"box-shadow-unit\":\"px\",\"transition-type\":\"\",\"position\":\"relative\",\"top-bottom\":\"0\",\"left-right\":\"0\",\"source-separate\":\",\",\"limit-type\":\"none\",\"limit-num\":\"10\",\"tag-type\":\"div\",\"force-important\":\"true\",\"align\":\"t_l\",\"absolute-unit\":\"px\",\"border-hover-unit\":\"px\",\"border-radius-hover-unit\":\"px\",\"box-shadow-hover-unit\":\"px\",\"border-unit-hover\":\"px\",\"box-shadow-unit-hover\":\"px\",\"hide-on-video\":\"\",\"link-target\":\"_self\",\"source-function\":\"link\",\"hideunderheight\":\"0\",\"hidetype\":\"visibility\",\"show-on-sale\":\"\",\"show-if-featured\":\"\",\"source-text-style-disable\":\"\",\"source-text\":\"View Project\"}}]","settings":"{\"favorite\":true}"}],"navigation-skins":[{"id":"19","name":"BuildPress","handle":"buildpress","css":"\/********************************\n\t\tBuildPress Navigation Skin\n*********************************\/\n.buildpress .navigationbuttons,\n.buildpress .esg-pagination,\n.buildpress .esg-filters {\n\ttext-transform:uppercase;\n\ttext-align: center;\n}\n\n.buildpress .esg-filterbutton,\n.buildpress .esg-navigationbutton,\n.buildpress .esg-sortbutton,\n.buildpress .esg-cartbutton {\n\tposition: relative;\n\tcolor:#999999;\n\tcursor:pointer;\n\tz-index:2;\n\tpadding:14px 30px;\n\tborder:none;\n\tfont-size:12px;\n\tfont-weight:700;\n\tfont-family:'Montserrat', Helvetica, Arial, sans-serif;\n\tdisplay: block;\n}\n\n.buildpress .esg-navigationbutton\t{\n\tposition: relative;\n\tpadding: 12px 0;\n\ttext-align: center;\n\twidth: 50%;\n\tbackground-color: #333333;\n}\n\n.buildpress .esg-navigationbutton.esg-right {\n\tz-index: 0;\n\tborder-bottom-right-radius: 2px;\n\t-moz-border-bottom-right-radius:2px;\n\t-webkit-border-bottom-right-radius:2px;\n\tborder-top-right-radius: 2px;\n\t-moz-border-top-right-radius:2px;\n\t-webkit-border-top-right-radius:2px;\n}\n\n.buildpress .esg-navigationbutton.esg-left {\n\tborder-bottom-left-radius: 2px;\n\t-moz-border-bottom-left-radius:2px;\n\t-webkit-border-bottom-left-radius:2px;\n\tborder-top-left-radius: 2px;\n\t-moz-border-top-left-radius:2px;\n\t-webkit-border-top-left-radius:2px;\n}\n\n.buildpress .esg-navigationbutton.esg-left::after {\n\tposition: absolute;\n\tcontent: \"\";\n\theight: 48px;\n\twidth: 1px;\n\tbackground-color: #454545;\n\tright: 0;\n\ttop: -3px;\n\ttransform: rotate(30deg);\n\t-moz-transform: rotate(30deg);\n\t-webkit-transform: rotate(30deg);\n}\n\n.buildpress .esg-navigationbutton *\t{ \n\tcolor:#999999;\n}\n\n.buildpress .esg-pagination-button:last-child {\n\tmargin-right: 0;\n}\n\n.buildpress  .esg-sortbutton-wrapper,\n.buildpress  .esg-cartbutton-wrapper {\n\tdisplay:inline-block;\n}\n\n.buildpress  .esg-sortbutton-order,\n.buildpress  .esg-cartbutton-order {\n\tdisplay:inline-block;\n\tvertical-align:top;\n\tborder:none;\n\twidth:40px;\n\tline-height:40px;\n\tborder-radius:5px;\n\t-moz-border-radius:5px;\n\t-webkit-border-radius:5px;\n\tfont-size:12px;\n\tfont-weight:700;\n\tcolor:#999;\n\tcursor: pointer;\n\tmargin-left:5px;\n}\n\n.buildpress .esg-cartbutton {\n\tcolor:#fff;\n\tcursor: default !important;\n}\n\n.buildpress .esg-cartbutton .esgicon-basket\t{\n\tcolor:#fff;\n\tfont-size:15px;\n\tline-height:15px;\n\tmargin-right:10px;\n}\n\n.buildpress .esg-cartbutton-wrapper {\n\tcursor: default !important;\n}\n\n.buildpress .esg-sortbutton,\n.buildpress .esg-cartbutton {\n\tdisplay:inline-block;\n\tposition:relative;\n\tcursor: pointer;\n\tmargin-right:0px;\n\tborder-radius:5px;\n\t-moz-border-radius:5px;\n\t-webkit-border-radius:5px;\n}\n\n.buildpress .esg-filterbutton:hover,\n.buildpress .esg-sortbutton:hover,\n.buildpress .esg-sortbutton-order:hover,\n.buildpress .esg-cartbutton-order:hover,\n.buildpress .esg-filterbutton.selected {\n\tcolor:#ffffff;\n\tbackground: #454545;\n\ttransform: none;\n\t-moz-transform: none;\n\t-webkit-transform: none;\n}\n\n.buildpress .esg-navigationbutton:hover span,\n.buildpress .esg-filterbutton:hover span,\n.buildpress .esg-sortbutton:hover span,\n.buildpress .esg-sortbutton-order:hover span,\n.buildpress .esg-cartbutton-order:hover span,\n.buildpress .esg-filterbutton.selected span {\n\tdisplay: inline-block;\n\ttransform: none;\n\t-moz-transform: none;\n\t-webkit-transform: none;\n\tborder-bottom: 3px solid #f7c525;\n\tpadding-bottom: 3px;\n\tpadding-top: 6px;\n}\n\n.buildpress .esg-navigationbutton span,\n.buildpress .esg-filterbutton span,\n.buildpress .esg-sortbutton span,\n.buildpress .esg-sortbutton-order span,\n.buildpress .esg-cartbutton-order span {\n\tdisplay: inline-block;\n\ttransform: none;\n\t-moz-transform: none;\n\t-webkit-transform: none;\n\tborder-bottom: 3px solid transparent;\n\tpadding-bottom: 3px;\n\tpadding-top: 6px;\n}\n\n.buildpress .esg-filterbutton:hover::after,\n.buildpress .esg-sortbutton:hover::after,\n.buildpress .esg-sortbutton-order:hover::after,\n.buildpress .esg-cartbutton-order:hover::after,\n.buildpress .esg-filterbutton.selected::after {\n\tdisplay: none;\n}\n\n.buildpress .esg-navigationbutton:hover * {\n\tcolor:#ffffff;\n}\n\n.buildpress .esg-sortbutton-order.tp-desc:hover\t{\n\tcolor:#333;\n}\n\n.buildpress .esg-filter-checked\t{\n\tpadding:1px 3px;\n\tcolor:#cbcbcb;\n\tbackground:#cbcbcb;\n\tmargin-left:7px;\n\tfont-size:9px;\n\tfont-weight:300;\n\tline-height:9px;\n\tvertical-align: middle;\n}\n\n.buildpress .esg-filterbutton.selected .esg-filter-checked,\n.buildpress .esg-filterbutton:hover .esg-filter-checked\t{\n\tpadding:1px 3px 1px 3px;\n\tcolor:#fff;\n\tbackground:#000;\n\tmargin-left:7px;\n\tfont-size:9px;\n\tfont-weight:300;\n\tline-height:9px;\n\tvertical-align: middle;\n}\n\n.buildpress .esg-filter-wrapper {\n\tbackground-color: #333333;\n\twidth: 100%;\n\tborder-bottom-left-radius: 2px;\n\t-moz-border-bottom-left-radius:2px;\n\t-webkit-border-bottom-left-radius:2px;\n\tborder-bottom-right-radius: 2px;\n\t-moz-border-bottom-right-radius:2px;\n\t-webkit-border-bottom-right-radius:2px;\n}\n\n@media (min-width: 992px) {\n\t.buildpress .esg-filterbutton::after,\n\t.buildpress .esg-sortbutton::after,\n\t.buildpress .esg-cartbutton::after {\n\t\tposition: absolute;\n\t\tcontent: \"\";\n\t\theight: 66px;\n\t\twidth: 1px;\n\t\tbackground-color: #454545;\n\t\tright: 0;\n\t\ttop: -4px;\n\t\ttransform: rotate(30deg);\n\t\t-moz-transform: rotate(30deg);\n\t\t-webkit-transform: rotate(30deg);\n\t}\n\n\t.buildpress .esg-filterbutton,\n\t.buildpress .esg-navigationbutton,\n\t.buildpress .esg-sortbutton,\n\t.buildpress .esg-cartbutton {\n\t\tdisplay: inline-block;\n\t}\n\n\t.buildpress .esg-navigationbutton:hover span,\n\t.buildpress .esg-filterbutton:hover span,\n\t.buildpress .esg-sortbutton:hover span,\n\t.buildpress .esg-sortbutton-order:hover span,\n\t.buildpress .esg-cartbutton-order:hover span,\n\t.buildpress .esg-filterbutton.selected span {\n\t\ttransform: skewX(30deg);\n\t\t-moz-transform: skewX(30deg);\n\t\t-webkit-transform: skewX(30deg);\n\t}\n\n\t.buildpress .esg-filterbutton:hover,\n\t.buildpress .esg-sortbutton:hover,\n\t.buildpress .esg-sortbutton-order:hover,\n\t.buildpress .esg-cartbutton-order:hover,\n\t.buildpress .esg-filterbutton.selected {\n\t\ttransform: skewX(-30deg);\n\t\t-moz-transform: skewX(-30deg);\n\t\t-webkit-transform: skewX(-30deg);\n\t}\n\n\t.buildpress .esg-navigationbutton {\n\t\twidth: 80px;\n\t}\n\n\t.buildpress .esg-filter-wrapper {\n\t\ttext-align: center;\n\t}\n}\n\n.buildpress .esg-pagination-button.selected {\n\ttransform: none;\n\t-moz-transform: none;\n\t-webkit-transform: none;\n}\n\n.buildpress .esg-pagination-button:hover {\n\ttransform: none;\n\t-moz-transform: none;\n\t-webkit-transform: none;\n}"},{"id":"20","name":"BuildPress Light","handle":"buildpress-light","css":"\/********************************\n\t\tBuildPress Light Navigation Skin\n*********************************\/\n.buildpress-light .navigationbuttons,\n.buildpress-light .esg-pagination,\n.buildpress-light .esg-filters {\n\ttext-transform:uppercase;\n\ttext-align: center;\n}\n\n.buildpress-light .esg-filterbutton,\n.buildpress-light .esg-navigationbutton,\n.buildpress-light .esg-sortbutton,\n.buildpress-light .esg-cartbutton {\n\tposition: relative;\n\tcolor:#666666;\n\tcursor:pointer;\n\tz-index:2;\n\tpadding:14px 30px;\n\tborder:none;\n\tfont-size:12px;\n\tfont-weight:700;\n\tfont-family:'Montserrat', Helvetica, Arial, sans-serif;\n\tdisplay: block;\n}\n\n.buildpress-light .esg-navigationbutton\t{\n\tposition: relative;\n\tpadding: 12px 0;\n\ttext-align: center;\n\twidth: 50%;\n\tbackground-color: #eeeeee;\n}\n\n.buildpress-light .esg-navigationbutton.esg-right {\n\tz-index: 0;\n\tborder-bottom-right-radius: 2px;\n\t-moz-border-bottom-right-radius:2px;\n\t-webkit-border-bottom-right-radius:2px;\n\tborder-top-right-radius: 2px;\n\t-moz-border-top-right-radius:2px;\n\t-webkit-border-top-right-radius:2px;\n}\n\n.buildpress-light .esg-navigationbutton.esg-left {\n\tborder-bottom-left-radius: 2px;\n\t-moz-border-bottom-left-radius:2px;\n\t-webkit-border-bottom-left-radius:2px;\n\tborder-top-left-radius: 2px;\n\t-moz-border-top-left-radius:2px;\n\t-webkit-border-top-left-radius:2px;\n}\n\n.buildpress-light .esg-navigationbutton.esg-left::after {\n\tposition: absolute;\n\tcontent: \"\";\n\theight: 48px;\n\twidth: 1px;\n\tbackground-color: #ffffff;\n\tright: 0;\n\ttop: -3px;\n\ttransform: rotate(30deg);\n\t-moz-transform: rotate(30deg);\n\t-webkit-transform: rotate(30deg);\n}\n\n.buildpress-light .esg-navigationbutton *\t{ \n\tcolor:#666666;\n}\n\n.buildpress-light .esg-pagination-button:last-child {\n\tmargin-right: 0;\n}\n\n.buildpress-light  .esg-sortbutton-wrapper,\n.buildpress-light  .esg-cartbutton-wrapper {\n\tdisplay:inline-block;\n}\n\n.buildpress-light  .esg-sortbutton-order,\n.buildpress-light  .esg-cartbutton-order {\n\tdisplay:inline-block;\n\tvertical-align:top;\n\tborder:none;\n\twidth:40px;\n\tline-height:40px;\n\tborder-radius:5px;\n\t-moz-border-radius:5px;\n\t-webkit-border-radius:5px;\n\tfont-size:12px;\n\tfont-weight:700;\n\tcolor:#999;\n\tcursor: pointer;\n\tmargin-left:5px;\n}\n\n.buildpress-light .esg-cartbutton {\n\tcolor:#fff;\n\tcursor: default !important;\n}\n\n.buildpress-light .esg-cartbutton .esgicon-basket\t{\n\tcolor:#fff;\n\tfont-size:15px;\n\tline-height:15px;\n\tmargin-right:10px;\n}\n\n.buildpress-light .esg-cartbutton-wrapper {\n\tcursor: default !important;\n}\n\n.buildpress-light .esg-sortbutton,\n.buildpress-light .esg-cartbutton {\n\tdisplay:inline-block;\n\tposition:relative;\n\tcursor: pointer;\n\tmargin-right:0px;\n\tborder-radius:5px;\n\t-moz-border-radius:5px;\n\t-webkit-border-radius:5px;\n}\n\n.buildpress-light .esg-filterbutton:hover,\n.buildpress-light .esg-sortbutton:hover,\n.buildpress-light .esg-sortbutton-order:hover,\n.buildpress-light .esg-cartbutton-order:hover,\n.buildpress-light .esg-filterbutton.selected {\n\tcolor:#333333;\n\tbackground: #f7c51e;\n\ttransform: none;\n\t-moz-transform: none;\n\t-webkit-transform: none;\n}\n\n.buildpress-light .esg-navigationbutton:hover span,\n.buildpress-light .esg-filterbutton:hover span,\n.buildpress-light .esg-sortbutton:hover span,\n.buildpress-light .esg-sortbutton-order:hover span,\n.buildpress-light .esg-cartbutton-order:hover span,\n.buildpress-light .esg-filterbutton.selected span {\n\tdisplay: inline-block;\n\ttransform: none;\n\t-moz-transform: none;\n\t-webkit-transform: none;\n\tborder-bottom: 3px solid #f7c525;\n\tpadding-bottom: 3px;\n\tpadding-top: 6px;\n}\n\n.buildpress-light .esg-navigationbutton span,\n.buildpress-light .esg-filterbutton span,\n.buildpress-light .esg-sortbutton span,\n.buildpress-light .esg-sortbutton-order span,\n.buildpress-light .esg-cartbutton-order span {\n\tdisplay: inline-block;\n\ttransform: none;\n\t-moz-transform: none;\n\t-webkit-transform: none;\n\tborder-bottom: 3px solid transparent;\n\tpadding-bottom: 3px;\n\tpadding-top: 6px;\n}\n\n.buildpress-light .esg-filterbutton:hover::after,\n.buildpress-light .esg-sortbutton:hover::after,\n.buildpress-light .esg-sortbutton-order:hover::after,\n.buildpress-light .esg-cartbutton-order:hover::after,\n.buildpress-light .esg-filterbutton.selected::after {\n\tdisplay: none;\n}\n\n.buildpress-light .esg-navigationbutton:hover * {\n\tcolor:#333333;\n}\n\n.buildpress-light .esg-sortbutton-order.tp-desc:hover\t{\n\tcolor:#333;\n}\n\n.buildpress-light .esg-filter-checked\t{\n\tpadding:1px 3px;\n\tcolor:#cbcbcb;\n\tbackground:#cbcbcb;\n\tmargin-left:7px;\n\tfont-size:9px;\n\tfont-weight:300;\n\tline-height:9px;\n\tvertical-align: middle;\n}\n\n.buildpress-light .esg-filterbutton.selected .esg-filter-checked,\n.buildpress-light .esg-filterbutton:hover .esg-filter-checked\t{\n\tpadding:1px 3px 1px 3px;\n\tcolor:#fff;\n\tbackground:#000;\n\tmargin-left:7px;\n\tfont-size:9px;\n\tfont-weight:300;\n\tline-height:9px;\n\tvertical-align: middle;\n}\n\n.buildpress-light .esg-filter-wrapper {\n\tbackground-color: #eeeeee;\n\twidth: 100%;\n\tborder-bottom-left-radius: 2px;\n\t-moz-border-bottom-left-radius:2px;\n\t-webkit-border-bottom-left-radius:2px;\n\tborder-bottom-right-radius: 2px;\n\t-moz-border-bottom-right-radius:2px;\n\t-webkit-border-bottom-right-radius:2px;\n}\n\n@media (min-width: 992px) {\n\t.buildpress-light .esg-filterbutton::after,\n\t.buildpress-light .esg-sortbutton::after,\n\t.buildpress-light .esg-cartbutton::after {\n\t\tposition: absolute;\n\t\tcontent: \"\";\n\t\theight: 66px;\n\t\twidth: 1px;\n\t\tbackground-color: #ffffff;\n\t\tright: 0;\n\t\ttop: -4px;\n\t\ttransform: rotate(30deg);\n\t\t-moz-transform: rotate(30deg);\n\t\t-webkit-transform: rotate(30deg);\n\t}\n\n\t.buildpress-light .esg-filterbutton,\n\t.buildpress-light .esg-navigationbutton,\n\t.buildpress-light .esg-sortbutton,\n\t.buildpress-light .esg-cartbutton {\n\t\tdisplay: inline-block;\n\t}\n\n\t.buildpress-light .esg-navigationbutton:hover span,\n\t.buildpress-light .esg-filterbutton:hover span,\n\t.buildpress-light .esg-sortbutton:hover span,\n\t.buildpress-light .esg-sortbutton-order:hover span,\n\t.buildpress-light .esg-cartbutton-order:hover span,\n\t.buildpress-light .esg-filterbutton.selected span {\n\t\ttransform: skewX(30deg);\n\t\t-moz-transform: skewX(30deg);\n\t\t-webkit-transform: skewX(30deg);\n\t}\n\n\t.buildpress-light .esg-filterbutton:hover,\n\t.buildpress-light .esg-sortbutton:hover,\n\t.buildpress-light .esg-sortbutton-order:hover,\n\t.buildpress-light .esg-cartbutton-order:hover,\n\t.buildpress-light .esg-filterbutton.selected {\n\t\ttransform: skewX(-30deg);\n\t\t-moz-transform: skewX(-30deg);\n\t\t-webkit-transform: skewX(-30deg);\n\t}\n\n\t.buildpress-light .esg-navigationbutton {\n\t\twidth: 80px;\n\t}\n\n\t.buildpress-light .esg-filter-wrapper {\n\t\ttext-align: center;\n\t}\n}\n\n.buildpress-light .esg-pagination-button.selected {\n\ttransform: none;\n\t-moz-transform: none;\n\t-webkit-transform: none;\n}\n\n.buildpress-light .esg-pagination-button:hover {\n\ttransform: none;\n\t-moz-transform: none;\n\t-webkit-transform: none;\n}"}],"global-css":"\/* HENRY HARRISON *\/\r\n\r\na.eg-henryharrison-element-1,\r\na.eg-henryharrison-element-2 {\r\n  -webkit-transition: all .4s linear;  \r\n    -moz-transition: all .4s linear;  \r\n    -o-transition: all .4s linear;  \r\n    -ms-transition: all .4s linear;  \r\n    transition: all .4s linear; \r\n}\r\n\r\n\/* JIMMY CARTER *\/\r\n.eg-jimmy-carter-element-11 i:before { margin-left:0px; margin-right:0px;}\r\n\r\n\r\n\/* HARDING *\/\r\n.eg-harding-element-17 { letter-spacing:1px}\r\n.eg-harding-wrapper .esg-entry-media { overflow:hidden; \r\n            box-sizing:border-box;\r\n            -webkit-box-sizing:border-box;\r\n            -moz-box-sizing:border-box;\r\n            padding:30px 30px 0px 30px;\r\n}\r\n\r\n.eg-harding-wrapper .esg-entry-media img { overflow:hidden; \r\n            border-radius:50%;\r\n            -webkit-border-radius:50%;\r\n            -moz-border-radius:50%;\r\n}\r\n\r\n\/*ULYSSES S GRANT *\/\r\n.eg-ulysses-s-grant-wrapper .esg-entry-media { overflow:hidden; \r\n            box-sizing:border-box;\r\n            -webkit-box-sizing:border-box;\r\n            -moz-box-sizing:border-box;\r\n            padding:30px 30px 0px 30px;\r\n}\r\n\r\n.eg-ulysses-s-grant-wrapper .esg-entry-media img { overflow:hidden; \r\n            border-radius:50%;\r\n            -webkit-border-radius:50%;\r\n            -moz-border-radius:50%;\r\n}\r\n\r\n\/*RICHARD NIXON *\/\r\n.eg-richard-nixon-wrapper .esg-entry-media { overflow:hidden; \r\n            box-sizing:border-box;\r\n            -webkit-box-sizing:border-box;\r\n            -moz-box-sizing:border-box;\r\n            padding:30px 30px 0px 30px;\r\n}\r\n\r\n.eg-richard-nixon-wrapper .esg-entry-media img { overflow:hidden; \r\n            border-radius:50%;\r\n            -webkit-border-radius:50%;\r\n            -moz-border-radius:50%;\r\n}\r\n\r\n\r\n\/* HERBERT HOOVER *\/\r\n.eg-herbert-hoover-wrapper .esg-entry-media img{\r\n    filter: url(\"data:image\/svg+xml;utf8,<svg xmlns='http:\/\/www.w3.org\/2000\/svg'><filter id='grayscale'><feColorMatrix type='matrix' values='0.3333 0.3333 0.3333 0 0 0.3333 0.3333 0.3333 0 0 0.3333 0.3333 0.3333 0 0 0 0 0 1 0'\/><\/filter><\/svg>#grayscale\"); \/* Firefox 10+, Firefox on Android *\/\r\n    filter: gray; \/* IE6-9 *\/\r\n    -webkit-filter: grayscale(100%); \/* Chrome 19+, Safari 6+, Safari 6+ iOS *\/\r\n}\r\n\r\n.eg-herbert-hoover-wrapper:hover .esg-entry-media img{\r\n    filter: url(\"data:image\/svg+xml;utf8,<svg xmlns='http:\/\/www.w3.org\/2000\/svg'><filter id='grayscale'><feColorMatrix type='matrix' values='1 0 0 0 0, 0 1 0 0 0, 0 0 1 0 0, 0 0 0 1 0'\/><\/filter><\/svg>#grayscale\");\r\n    -webkit-filter: grayscale(0%);}\r\n\r\n\r\n\/* JOOHNSON *\/\r\n.eg-lyndon-johnson-wrapper .esg-entry-media img{\r\n    filter: url(\"data:image\/svg+xml;utf8,<svg xmlns='http:\/\/www.w3.org\/2000\/svg'><filter id='grayscale'><feColorMatrix type='matrix' values='0.3333 0.3333 0.3333 0 0 0.3333 0.3333 0.3333 0 0 0.3333 0.3333 0.3333 0 0 0 0 0 1 0'\/><\/filter><\/svg>#grayscale\"); \/* Firefox 10+, Firefox on Android *\/\r\n    filter: gray; \/* IE6-9 *\/\r\n    -webkit-filter: grayscale(100%); \/* Chrome 19+, Safari 6+, Safari 6+ iOS *\/\r\n}\r\n\r\n.eg-lyndon-johnson-wrapper:hover .esg-entry-media img{\r\n    filter: url(\"data:image\/svg+xml;utf8,<svg xmlns='http:\/\/www.w3.org\/2000\/svg'><filter id='grayscale'><feColorMatrix type='matrix' values='1 0 0 0 0, 0 1 0 0 0, 0 0 1 0 0, 0 0 0 1 0'\/><\/filter><\/svg>#grayscale\");\r\n    -webkit-filter: grayscale(0%);}\r\n\r\n\r\n\/*RONALD REAGAN*\/\r\n.esg-overlay.eg-ronald-reagan-container {background: -moz-linear-gradient(top, rgba(0,0,0,0) 50%, rgba(0,0,0,0.83) 99%, rgba(0,0,0,0.85) 100%); \/* FF3.6+ *\/\r\nbackground: -webkit-gradient(linear, left top, left bottom, color-stop(50%,rgba(0,0,0,0)), color-stop(99%,rgba(0,0,0,0.83)), color-stop(100%,rgba(0,0,0,0.85))); \/* Chrome,Safari4+ *\/\r\nbackground: -webkit-linear-gradient(top, rgba(0,0,0,0) 50%,rgba(0,0,0,0.83) 99%,rgba(0,0,0,0.85) 100%); \/* Chrome10+,Safari5.1+ *\/\r\nbackground: -o-linear-gradient(top, rgba(0,0,0,0) 50%,rgba(0,0,0,0.83) 99%,rgba(0,0,0,0.85) 100%); \/* Opera 11.10+ *\/\r\nbackground: -ms-linear-gradient(top, rgba(0,0,0,0) 50%,rgba(0,0,0,0.83) 99%,rgba(0,0,0,0.85) 100%); \/* IE10+ *\/\r\nbackground: linear-gradient(to bottom, rgba(0,0,0,0) 50%,rgba(0,0,0,0.83) 99%,rgba(0,0,0,0.85) 100%); \/* W3C *\/\r\nfilter: progid:DXImageTransform.Microsoft.gradient( startColorstr='#00000000', endColorstr='#d9000000',GradientType=0 ); \/* IE6-9 *\/}\r\n\r\n\/*GEORGE BUSH*\/\r\n.eg-georgebush-wrapper .esg-entry-cover {background: -moz-linear-gradient(top, rgba(0,0,0,0) 50%, rgba(0,0,0,0.83) 99%, rgba(0,0,0,0.85) 100%); \/* FF3.6+ *\/\r\nbackground: -webkit-gradient(linear, left top, left bottom, color-stop(50%,rgba(0,0,0,0)), color-stop(99%,rgba(0,0,0,0.83)), color-stop(100%,rgba(0,0,0,0.85))); \/* Chrome,Safari4+ *\/\r\nbackground: -webkit-linear-gradient(top, rgba(0,0,0,0) 50%,rgba(0,0,0,0.83) 99%,rgba(0,0,0,0.85) 100%); \/* Chrome10+,Safari5.1+ *\/\r\nbackground: -o-linear-gradient(top, rgba(0,0,0,0) 50%,rgba(0,0,0,0.83) 99%,rgba(0,0,0,0.85) 100%); \/* Opera 11.10+ *\/\r\nbackground: -ms-linear-gradient(top, rgba(0,0,0,0) 50%,rgba(0,0,0,0.83) 99%,rgba(0,0,0,0.85) 100%); \/* IE10+ *\/\r\nbackground: linear-gradient(to bottom, rgba(0,0,0,0) 50%,rgba(0,0,0,0.83) 99%,rgba(0,0,0,0.85) 100%); \/* W3C *\/\r\nfilter: progid:DXImageTransform.Microsoft.gradient( startColorstr='#00000000', endColorstr='#d9000000',GradientType=0 ); \/* IE6-9 *\/}\r\n\r\n\/*GEORGE BUSH\r\n.eg-georgebush-wrapper .esg-entry-cover { background: rgba(0,0,0,0.5);}*\/\r\n\r\n\/*JEFFERSON*\/\r\n.eg-jefferson-wrapper { -webkit-border-radius: 5px !important; -moz-border-radius: 5px !important; border-radius: 5px !important; -webkit-mask-image: url(data:image\/png;base64,iVBORw0KGgoAAAANSUhEUgAAAAEAAAABCAIAAACQd1PeAAAAGXRFWHRTb2Z0d2FyZQBBZG9iZSBJbWFnZVJlYWR5ccllPAAAAA5JREFUeNpiYGBgAAgwAAAEAAGbA+oJAAAAAElFTkSuQmCC) !important; }\r\n\r\n\/*MONROE*\/\r\n.eg-monroe-element-1 { text-shadow: 0px 1px 3px rgba(0, 0, 0, 0.1); }\r\n\r\n\/*LYNDON JOHNSON*\/\r\n.eg-lyndon-johnson-wrapper .esg-entry-cover { background: -moz-radial-gradient(center, ellipse cover,  rgba(0,0,0,0.35) 0%, rgba(18,18,18,0) 96%, rgba(19,19,19,0) 100%); \/* FF3.6+ *\/\r\nbackground: -webkit-gradient(radial, center center, 0px, center center, 100%, color-stop(0%,rgba(0,0,0,0.35)), color-stop(96%,rgba(18,18,18,0)), color-stop(100%,rgba(19,19,19,0))); \/* Chrome,Safari4+ *\/\r\nbackground: -webkit-radial-gradient(center, ellipse cover,  rgba(0,0,0,0.35) 0%,rgba(18,18,18,0) 96%,rgba(19,19,19,0) 100%); \/* Chrome10+,Safari5.1+ *\/\r\nbackground: -o-radial-gradient(center, ellipse cover,  rgba(0,0,0,0.35) 0%,rgba(18,18,18,0) 96%,rgba(19,19,19,0) 100%); \/* Opera 12+ *\/\r\nbackground: -ms-radial-gradient(center, ellipse cover,  rgba(0,0,0,0.35) 0%,rgba(18,18,18,0) 96%,rgba(19,19,19,0) 100%); \/* IE10+ *\/\r\nbackground: radial-gradient(ellipse at center,  rgba(0,0,0,0.35) 0%,rgba(18,18,18,0) 96%,rgba(19,19,19,0) 100%); \/* W3C *\/\r\nfilter: progid:DXImageTransform.Microsoft.gradient( startColorstr='#59000000', endColorstr='#00131313',GradientType=1 ); \/* IE6-9 fallback on horizontal gradient *\/\r\n }\r\n\r\n\/*WILBERT*\/\r\n.eg-wilbert-wrapper .esg-entry-cover { background: -moz-radial-gradient(center, ellipse cover,  rgba(0,0,0,0.35) 0%, rgba(18,18,18,0) 96%, rgba(19,19,19,0) 100%); \/* FF3.6+ *\/\r\nbackground: -webkit-gradient(radial, center center, 0px, center center, 100%, color-stop(0%,rgba(0,0,0,0.35)), color-stop(96%,rgba(18,18,18,0)), color-stop(100%,rgba(19,19,19,0))); \/* Chrome,Safari4+ *\/\r\nbackground: -webkit-radial-gradient(center, ellipse cover,  rgba(0,0,0,0.35) 0%,rgba(18,18,18,0) 96%,rgba(19,19,19,0) 100%); \/* Chrome10+,Safari5.1+ *\/\r\nbackground: -o-radial-gradient(center, ellipse cover,  rgba(0,0,0,0.35) 0%,rgba(18,18,18,0) 96%,rgba(19,19,19,0) 100%); \/* Opera 12+ *\/\r\nbackground: -ms-radial-gradient(center, ellipse cover,  rgba(0,0,0,0.35) 0%,rgba(18,18,18,0) 96%,rgba(19,19,19,0) 100%); \/* IE10+ *\/\r\nbackground: radial-gradient(ellipse at center,  rgba(0,0,0,0.35) 0%,rgba(18,18,18,0) 96%,rgba(19,19,19,0) 100%); \/* W3C *\/\r\nfilter: progid:DXImageTransform.Microsoft.gradient( startColorstr='#59000000', endColorstr='#00131313',GradientType=1 ); \/* IE6-9 fallback on horizontal gradient *\/\r\n }\r\n.eg-wilbert-wrapper .esg-entry-media img{\r\n  -webkit-transition: 0.4s ease-in-out;\r\n    -moz-transition:  0.4s ease-in-out;\r\n    -o-transition:  0.4s ease-in-out;\r\n    transition:  0.4s ease-in-out;\r\n    filter: url(\"data:image\/svg+xml;utf8,<svg xmlns='http:\/\/www.w3.org\/2000\/svg'><filter id='grayscale'><feColorMatrix type='matrix' values='0.3333 0.3333 0.3333 0 0 0.3333 0.3333 0.3333 0 0 0.3333 0.3333 0.3333 0 0 0 0 0 1 0'\/><\/filter><\/svg>#grayscale\"); \/* Firefox 10+, Firefox on Android *\/\r\n    filter: gray; \/* IE6-9 *\/\r\n    -webkit-filter: grayscale(100%); \/* Chrome 19+, Safari 6+, Safari 6+ iOS *\/\r\n}\r\n\r\n.eg-wilbert-wrapper:hover .esg-entry-media img{\r\n    filter: url(\"data:image\/svg+xml;utf8,<svg xmlns='http:\/\/www.w3.org\/2000\/svg'><filter id='grayscale'><feColorMatrix type='matrix' values='1 0 0 0 0, 0 1 0 0 0, 0 0 1 0 0, 0 0 0 1 0'\/><\/filter><\/svg>#grayscale\");\r\n    -webkit-filter: grayscale(0%);}\r\n\r\n\/*PHILLIE*\/\r\n.eg-phillie-element-3:after { \r\ncontent:\" \";\r\nwidth: 0px;\r\nheight: 0px;\r\nborder-style: solid;\r\nborder-width: 5px 5px 0 5px;\r\nborder-color: #000 transparent transparent transparent;\r\nleft:50%;\r\nmargin-left:-5px; bottom:-5px; position:absolute; }\r\n\r\n\/*HOWARD TAFT*\/\r\n.eg-howardtaft-wrapper .esg-entry-media img, .eg-howardtaft-wrapper .esg-media-poster{\r\n    filter: url(\"data:image\/svg+xml;utf8,<svg xmlns='http:\/\/www.w3.org\/2000\/svg'><filter id='grayscale'><feColorMatrix type='matrix' values='1 0 0 0 0, 0 1 0 0 0, 0 0 1 0 0, 0 0 0 1 0'\/><\/filter><\/svg>#grayscale\");\r\n    -webkit-filter: grayscale(0%);\r\n}\r\n\r\n.eg-howardtaft-wrapper:hover .esg-entry-media img, .eg-howardtaft-wrapper:hover .esg-media-poster{\r\n    filter: url(\"data:image\/svg+xml;utf8,<svg xmlns='http:\/\/www.w3.org\/2000\/svg'><filter id='grayscale'><feColorMatrix type='matrix' values='0.3333 0.3333 0.3333 0 0 0.3333 0.3333 0.3333 0 0 0.3333 0.3333 0.3333 0 0 0 0 0 1 0'\/><\/filter><\/svg>#grayscale\"); \/* Firefox 10+, Firefox on Android *\/\r\n    filter: gray; \/* IE6-9 *\/\r\n    -webkit-filter: grayscale(100%); \/* Chrome 19+, Safari 6+, Safari 6+ iOS *\/\r\n}\r\n\r\n\/* WOOCOMMERCE *\/\r\n.myportfolio-container .added_to_cart.wc-forward { font-family: \"Open Sans\"; font-size: 13px; color: #fff; margin-top: 10px; }\r\n\r\n\/* LIGHTBOX *\/\r\n.esgbox-title.esgbox-title-outside-wrap { font-size: 15px; font-weight: 700; text-align: center; }\r\n.esgbox-title.esgbox-title-inside-wrap { padding-bottom: 10px; font-size: 15px; font-weight: 700; text-align: center; }"}