{"grids":[{"id":"1","name":"Landscape Projects","handle":"landscape-projects","postparams":"{\"source-type\":\"post\",\"post_types\":\"portfolio\",\"post_category\":\"portfolio_category_aquascaping,portfolio_category_garden-design,portfolio_category_landscaping,portfolio_category_naturescaping,portfolio_category_soil-analysis\",\"additional-query\":\"\",\"selected_pages\":\"\",\"max_entries\":\"-1\",\"media-source-order\":[\"featured-image\"],\"default-image\":\"0\",\"image-source-type\":\"page-box\"}","params":"{\"layout-sizing\":\"boxed\",\"fullscreen-offset-container\":\"\",\"layout\":\"masonry\",\"content-push\":\"off\",\"x-ratio\":\"1\",\"y-ratio\":\"2\",\"rtl\":\"off\",\"use-cobbles-pattern\":\"off\",\"columns-advanced\":\"off\",\"columns-height\":[\"0\",\"0\",\"0\",\"0\",\"0\",\"0\",\"0\"],\"columns-width\":[\"1400\",\"1170\",\"1024\",\"960\",\"778\",\"640\",\"480\"],\"columns\":[\"3\",\"3\",\"3\",\"3\",\"3\",\"3\",\"1\"],\"rows-unlimited\":\"off\",\"rows\":\"2\",\"load-more\":\"none\",\"load-more-text\":\"Load More\",\"load-more-show-number\":\"on\",\"load-more-start\":\"3\",\"load-more-amount\":\"3\",\"lazy-loading\":\"off\",\"lazy-load-color\":\"#524639\",\"0\":\"\",\"spacings\":\"30\",\"grid-padding\":[\"30\",\"0\",\"60\",\"0\"],\"main-background-color\":\"transparent\",\"navigation-skin\":\"text-light\",\"entry-skin\":\"buildpress-landscape\",\"grid-animation\":\"fall\",\"grid-animation-speed\":\"500\",\"grid-animation-delay\":\"1\",\"hover-animation-delay\":\"1\",\"top-1-align\":\"right\",\"top-1-margin-bottom\":\"20\",\"top-2-align\":\"center\",\"top-2-margin-bottom\":\"0\",\"bottom-1-align\":\"center\",\"bottom-1-margin-top\":\"0\",\"bottom-2-align\":\"center\",\"bottom-2-margin-top\":\"0\",\"left-margin-left\":\"0\",\"right-margin-right\":\"0\",\"module-spacings\":\"5\",\"pagination-scroll\":\"off\",\"pagination-scroll-offset\":\"0\",\"filter-arrows\":\"single\",\"filter-logic\":\"or\",\"filter-start\":\"\",\"filter-show-on\":\"hover\",\"filter-all-text\":\"All\",\"filter-listing\":\"list\",\"filter-dropdown-text\":\"Filter Categories\",\"filter-counter\":\"off\",\"sort-by-text\":\"Sort By \",\"sorting-order-by\":\"date\",\"sorting-order-by-start\":\"none\",\"sorting-order-by-start-meta\":\"\",\"sorting-order-type\":\"ASC\",\"search-text\":\"Search...\",\"poster-source-order\":[\"featured-image\"],\"lb-source-order\":[\"featured-image\"],\"lightbox-mode\":\"single\",\"lightbox-exclude-media\":\"off\",\"lightbox-type\":\"null\",\"lightbox-position\":\"bottom\",\"lightbox-twitter\":\"off\",\"lightbox-facebook\":\"off\",\"lbox-inpadding\":[\"0\",\"0\",\"0\",\"0\"],\"lbox-padding\":[\"0\",\"0\",\"0\",\"0\"],\"lightbox-effect-open-close\":\"fade\",\"lightbox-effect-open-close-speed\":\"normal\",\"lightbox-effect-next-prev\":\"fade\",\"lightbox-effect-next-prev-speed\":\"normal\",\"lightbox-arrows\":\"on\",\"lightbox-thumbs\":\"off\",\"lbox-thumb-w\":\"50\",\"lbox-thumb-h\":\"50\",\"aj-source-order\":[\"post-content\"],\"ajax-container-id\":\"ess-grid-ajax-container-\",\"ajax-container-position\":\"top\",\"ajax-scroll-onload\":\"on\",\"ajax-scrollto-offset\":\"0\",\"ajax-close-button\":\"off\",\"ajax-button-text\":\"Close\",\"ajax-nav-button\":\"off\",\"ajax-button-skin\":\"light\",\"ajax-button-type\":\"type1\",\"ajax-button-inner\":\"false\",\"ajax-button-h-pos\":\"r\",\"ajax-button-v-pos\":\"t\",\"ajax-container-pre\":\"\",\"ajax-container-post\":\"\",\"ajax-container-css\":\"\",\"ajax-callback\":\"\",\"ajax-callback-arg\":\"false\",\"ajax-css-url\":\"\",\"ajax-js-url\":\"\",\"use-spinner\":\"2\",\"spinner-color\":\"#FFFFFF\",\"hide-markup-before-load\":\"off\",\"custom-javascript\":\"\",\"css-id\":\"\"}","layers":"[]","settings":null,"last_modified":"2017-01-24 06:52:40"}],"skins":[{"id":"40","name":"BuildPress Landscape","handle":"buildpress-landscape","params":"{\"eg-item-skin-element-last-id\":\"13\",\"choose-layout\":\"even\",\"show-content\":\"none\",\"content-align\":\"center\",\"element-x-ratio\":\"2\",\"element-y-ratio\":\"1\",\"cover-type\":\"full\",\"container-background-color\":\"#0a0a0a\",\"0\":\"Default\",\"element-container-background-color-opacity\":\"75\",\"cover-background-size\":\"cover\",\"cover-background-repeat\":\"no-repeat\",\"cover-background-image\":\"0\",\"cover-background-image-url\":\"\",\"full-bg-color\":\"#ffffff\",\"full-padding\":[\"0\",\"0\",\"0\",\"0\"],\"full-border\":[\"0\",\"0\",\"0\",\"0\"],\"full-border-radius\":[\"0\",\"0\",\"0\",\"0\"],\"full-border-color\":\"#000000\",\"full-border-style\":\"none\",\"full-overflow-hidden\":\"false\",\"content-bg-color\":\"#ffffff\",\"content-padding\":[\"0\",\"0\",\"0\",\"0\"],\"content-border\":[\"0\",\"0\",\"0\",\"0\"],\"content-border-radius\":[\"0\",\"0\",\"0\",\"0\"],\"content-border-color\":\"transparent\",\"content-border-style\":\"none\",\"all-shadow-used\":\"none\",\"content-shadow-color\":\"#000000\",\"content-shadow-alpha\":\"100\",\"content-box-shadow\":[\"0\",\"0\",\"0\",\"0\"],\"cover-animation-top-type\":\"out\",\"cover-animation-delay-top\":\"0\",\"cover-animation-top\":\"none\",\"cover-animation-center-type\":\"\",\"cover-animation-delay-center\":\"0\",\"cover-animation-center\":\"fade\",\"cover-animation-bottom-type\":\"out\",\"cover-animation-delay-bottom\":\"0\",\"cover-animation-bottom\":\"none\",\"cover-group-animation\":\"none\",\"media-animation\":\"none\",\"media-animation-delay\":\"0\",\"link-set-to\":\"none\",\"link-link-type\":\"none\",\"link-url-link\":\"\",\"link-meta-link\":\"\",\"link-javascript-link\":\"\",\"link-target\":\"_self\"}","layers":"[{\"id\":\"1\",\"order\":\"0\",\"container\":\"c\",\"settings\":{\"0\":\"Default\",\"source\":\"post\",\"enable-hover\":\"\",\"font-size\":\"16\",\"line-height\":\"24\",\"color\":\"#ffffff\",\"font-family\":\"\\\"Open Sans\\\"\",\"font-weight\":\"700\",\"text-decoration\":\"none\",\"font-style\":\"\",\"text-transform\":\"capitalize\",\"display\":\"inline-block\",\"text-align\":\"center\",\"float\":\"none\",\"clear\":\"both\",\"margin\":{\"0\":\"0\",\"1\":\"0\",\"2\":\"0\",\"3\":\"0\"},\"padding\":{\"0\":\"4\",\"1\":\"12\",\"2\":\"3\",\"3\":\"12\"},\"background-color\":\"#ffffff\",\"bg-alpha\":\"0\",\"background-size\":\"cover\",\"background-repeat\":\"no-repeat\",\"shadow-color\":\"#000000\",\"shadow-alpha\":\"0\",\"box-shadow\":{\"0\":\"0\",\"1\":\"0\",\"2\":\"0\",\"3\":\"0\"},\"border\":{\"0\":\"0\",\"1\":\"0\",\"2\":\"0\",\"3\":\"0\"},\"border-radius\":{\"0\":\"0\",\"1\":\"0\",\"2\":\"0\",\"3\":\"0\"},\"border-radius-unit\":\"px\",\"border-color\":\"transparent\",\"border-style\":\"none\",\"font-size-hover\":\"13\",\"line-height-hover\":\"14\",\"color-hover\":\"#ffffff\",\"font-family-hover\":\"\",\"font-weight-hover\":\"300\",\"text-decoration-hover\":\"none\",\"font-style-hover\":\"\",\"text-transform-hover\":\"none\",\"background-color-hover\":\"#ffffff\",\"bg-alpha-hover\":\"20\",\"background-size-hover\":\"cover\",\"background-size-x-hover\":\"100\",\"background-size-y-hover\":\"100\",\"background-repeat-hover\":\"no-repeat\",\"shadow-color-hover\":\"#000000\",\"shadow-alpha-hover\":\"100\",\"box-shadow-hover\":{\"0\":\"0\",\"1\":\"0\",\"2\":\"0\",\"3\":\"0\"},\"border-hover\":{\"0\":\"0\",\"1\":\"0\",\"2\":\"0\",\"3\":\"0\"},\"border-radius-hover\":{\"0\":\"0\",\"1\":\"0\",\"2\":\"0\",\"3\":\"0\"},\"border-radius-unit-hover\":\"px\",\"border-color-hover\":\"transparent\",\"border-style-hover\":\"none\",\"hideunder\":\"0\",\"transition\":\"fade\",\"delay\":\"5\",\"link-type\":\"none\",\"url-link\":\"\",\"javascript-link\":\"\",\"margin-unit\":\"px\",\"padding-unit\":\"px\",\"border-unit\":\"px\",\"box-shadow-unit\":\"px\",\"transition-type\":\"\",\"position\":\"relative\",\"top-bottom\":\"0\",\"left-right\":\"0\",\"source-separate\":\",\",\"limit-type\":\"none\",\"limit-num\":\"10\",\"tag-type\":\"div\",\"force-important\":\"\",\"align\":\"t_l\",\"absolute-unit\":\"px\",\"source-function\":\"link\",\"hideunderheight\":\"0\",\"hidetype\":\"visibility\",\"hide-on-video\":\"\",\"link-target\":\"_self\",\"source-text-style-disable\":\"\",\"show-on-sale\":\"\",\"show-if-featured\":\"\",\"source-post\":\"title\"}},{\"id\":\"9\",\"order\":\"1\",\"container\":\"c\",\"settings\":{\"background-color\":\"#FFFFFF\",\"bg-alpha\":\"20\",\"clear\":\"both\",\"border-width\":\"0\",\"color\":\"transparent\",\"display\":\"block\",\"font-size\":\"10\",\"font-style\":\"italic\",\"font-weight\":\"700\",\"line-height\":\"5\",\"margin\":[\"0\",\"0\",\"0\",\"0\"],\"padding\":[\"0\",\"0\",\"0\",\"0\"],\"text-align\":\"center\",\"transition\":\"none\",\"text-transform\":\"uppercase\",\"source\":\"text\",\"special\":\"true\",\"font-family\":\"\",\"text-decoration\":\"none\",\"float\":\"none\",\"border\":[\"0\",\"0\",\"0\",\"0\"],\"border-radius\":[\"0\",\"0\",\"0\",\"0\"],\"border-radius-unit\":\"px\",\"border-color\":\"transparent\",\"border-style\":\"solid\",\"shadow-color\":\"#000\",\"shadow-alpha\":\"100\",\"box-shadow\":[\"0\",\"0\",\"0\",\"0\"],\"position\":\"relative\",\"top-bottom\":\"0\",\"left-right\":\"0\",\"source-separate\":\",\",\"limit-type\":\"none\",\"limit-num\":\"10\",\"transition-type\":\"\",\"delay\":\"10\",\"link-type\":\"none\",\"hideunder\":\"0\",\"enable-hover\":\"\",\"tag-type\":\"div\",\"force-important\":\"true\",\"align\":\"t_l\",\"absolute-unit\":\"px\",\"font-size-hover\":\"12\",\"line-height-hover\":\"14\",\"color-hover\":\"#000\",\"font-family-hover\":\"\",\"font-weight-hover\":\"400\",\"text-decoration-hover\":\"none\",\"font-style-hover\":\"\",\"text-transform-hover\":\"none\",\"border-hover\":[\"0\",\"0\",\"0\",\"0\"],\"border-radius-hover\":[\"0\",\"0\",\"0\",\"0\"],\"border-color-hover\":\"transparent\",\"border-style-hover\":\"solid\",\"background-color-hover\":\"#FFF\",\"bg-alpha-hover\":\"100\",\"shadow-color-hover\":\"#000\",\"shadow-alpha-hover\":\"100\",\"box-shadow-hover\":[\"0\",\"0\",\"0\",\"0\"],\"margin-unit\":\"px\",\"padding-unit\":\"px\",\"border-unit\":\"px\",\"box-shadow-unit\":\"px\",\"source-function\":\"link\",\"hideunderheight\":\"0\",\"hidetype\":\"visibility\",\"hide-on-video\":\"\",\"link-target\":\"_self\",\"source-text-style-disable\":\"\",\"show-on-sale\":\"\",\"show-if-featured\":\"\",\"source-text\":\"LINE-BREAK\"}},{\"id\":\"13\",\"order\":\"2\",\"container\":\"c\",\"settings\":{\"0\":\"Default\",\"source\":\"icon\",\"source-separate\":\",\",\"limit-type\":\"none\",\"limit-num\":\"10\",\"enable-hover\":\"on\",\"font-size\":\"16\",\"line-height\":\"22\",\"color\":\"#ffffff\",\"font-family\":\"\",\"font-weight\":\"400\",\"text-decoration\":\"none\",\"font-style\":\"\",\"text-transform\":\"none\",\"position\":\"relative\",\"align\":\"t_l\",\"absolute-unit\":\"px\",\"top-bottom\":\"0\",\"left-right\":\"0\",\"display\":\"inline-block\",\"text-align\":\"center\",\"float\":\"none\",\"clear\":\"none\",\"margin\":{\"0\":\"0\",\"1\":\"0\",\"2\":\"0\",\"3\":\"0\"},\"padding\":{\"0\":\"17\",\"1\":\"17\",\"2\":\"17\",\"3\":\"17\"},\"background-color\":\"#769e00\",\"bg-alpha\":\"100\",\"shadow-color\":\"#000000\",\"shadow-alpha\":\"100\",\"box-shadow\":{\"0\":\"0\",\"1\":\"0\",\"2\":\"0\",\"3\":\"0\"},\"border\":{\"0\":\"0\",\"1\":\"0\",\"2\":\"0\",\"3\":\"0\"},\"border-radius\":{\"0\":\"60\",\"1\":\"60\",\"2\":\"60\",\"3\":\"60\"},\"border-radius-unit\":\"px\",\"border-color\":\"#ffffff\",\"border-style\":\"solid\",\"font-size-hover\":\"16\",\"line-height-hover\":\"22\",\"color-hover\":\"#ffffff\",\"font-family-hover\":\"\",\"font-weight-hover\":\"400\",\"text-decoration-hover\":\"none\",\"font-style-hover\":\"\",\"text-transform-hover\":\"none\",\"background-color-hover\":\"#678f00\",\"bg-alpha-hover\":\"100\",\"shadow-color-hover\":\"#000000\",\"shadow-alpha-hover\":\"100\",\"box-shadow-hover\":{\"0\":\"0\",\"1\":\"0\",\"2\":\"0\",\"3\":\"0\"},\"border-hover\":{\"0\":\"0\",\"1\":\"0\",\"2\":\"0\",\"3\":\"0\"},\"border-radius-hover\":{\"0\":\"60\",\"1\":\"60\",\"2\":\"60\",\"3\":\"60\"},\"border-radius-unit-hover\":\"px\",\"border-color-hover\":\"#ffffff\",\"border-style-hover\":\"solid\",\"hideunder\":\"0\",\"hide-on-video\":\"\",\"show-on-sale\":\"\",\"show-if-featured\":\"\",\"transition\":\"flipup\",\"transition-type\":\"\",\"delay\":\"10\",\"link-type\":\"post\",\"url-link\":\"\",\"meta-link\":\"\",\"javascript-link\":\"\",\"tag-type\":\"div\",\"force-important\":\"true\",\"padding-unit\":\"px\",\"border-unit\":\"px\",\"box-shadow-unit\":\"px\",\"source-function\":\"link\",\"hideunderheight\":\"0\",\"hidetype\":\"visibility\",\"link-target\":\"_self\",\"source-text-style-disable\":\"\",\"margin-unit\":\"px\",\"border-hover-unit\":\"px\",\"border-radius-hover-unit\":\"px\",\"box-shadow-hover-unit\":\"px\",\"source-icon\":\"eg-icon-search\"}}]","settings":null}],"punch-fonts":[{"url":"Open+Sans:300,400,600,700,800","handle":"open-sans"},{"url":"Raleway:100,200,300,400,500,600,700,800,900","handle":"raleway"},{"url":"Droid+Serif:400,700","handle":"droid-serif"}],"global-css":"\/* HENRY HARRISON *\/\r\n\r\na.eg-henryharrison-element-1,\r\na.eg-henryharrison-element-2 {\r\n  -webkit-transition: all .4s linear;  \r\n    -moz-transition: all .4s linear;  \r\n    -o-transition: all .4s linear;  \r\n    -ms-transition: all .4s linear;  \r\n    transition: all .4s linear; \r\n}\r\n\r\n\/* JIMMY CARTER *\/\r\n.eg-jimmy-carter-element-11 i:before { margin-left:0px; margin-right:0px;}\r\n\r\n\r\n\/* HARDING *\/\r\n.eg-harding-element-17 { letter-spacing:1px}\r\n.eg-harding-wrapper .esg-entry-media { overflow:hidden; \r\n            box-sizing:border-box;\r\n            -webkit-box-sizing:border-box;\r\n            -moz-box-sizing:border-box;\r\n            padding:30px 30px 0px 30px;\r\n}\r\n\r\n.eg-harding-wrapper .esg-entry-media img { overflow:hidden; \r\n            border-radius:50%;\r\n            -webkit-border-radius:50%;\r\n            -moz-border-radius:50%;\r\n}\r\n\r\n\/*ULYSSES S GRANT *\/\r\n.eg-ulysses-s-grant-wrapper .esg-entry-media { overflow:hidden; \r\n            box-sizing:border-box;\r\n            -webkit-box-sizing:border-box;\r\n            -moz-box-sizing:border-box;\r\n            padding:30px 30px 0px 30px;\r\n}\r\n\r\n.eg-ulysses-s-grant-wrapper .esg-entry-media img { overflow:hidden; \r\n            border-radius:50%;\r\n            -webkit-border-radius:50%;\r\n            -moz-border-radius:50%;\r\n}\r\n\r\n\/*RICHARD NIXON *\/\r\n.eg-richard-nixon-wrapper .esg-entry-media { overflow:hidden; \r\n            box-sizing:border-box;\r\n            -webkit-box-sizing:border-box;\r\n            -moz-box-sizing:border-box;\r\n            padding:30px 30px 0px 30px;\r\n}\r\n\r\n.eg-richard-nixon-wrapper .esg-entry-media img { overflow:hidden; \r\n            border-radius:50%;\r\n            -webkit-border-radius:50%;\r\n            -moz-border-radius:50%;\r\n}\r\n\r\n\r\n\/* HERBERT HOOVER *\/\r\n.eg-herbert-hoover-wrapper .esg-entry-media img{\r\n    filter: url(\"data:image\/svg+xml;utf8,<svg xmlns='http:\/\/www.w3.org\/2000\/svg'><filter id='grayscale'><feColorMatrix type='matrix' values='0.3333 0.3333 0.3333 0 0 0.3333 0.3333 0.3333 0 0 0.3333 0.3333 0.3333 0 0 0 0 0 1 0'\/><\/filter><\/svg>#grayscale\"); \/* Firefox 10+, Firefox on Android *\/\r\n    filter: gray; \/* IE6-9 *\/\r\n    -webkit-filter: grayscale(100%); \/* Chrome 19+, Safari 6+, Safari 6+ iOS *\/\r\n}\r\n\r\n.eg-herbert-hoover-wrapper:hover .esg-entry-media img{\r\n    filter: url(\"data:image\/svg+xml;utf8,<svg xmlns='http:\/\/www.w3.org\/2000\/svg'><filter id='grayscale'><feColorMatrix type='matrix' values='1 0 0 0 0, 0 1 0 0 0, 0 0 1 0 0, 0 0 0 1 0'\/><\/filter><\/svg>#grayscale\");\r\n    -webkit-filter: grayscale(0%);}\r\n\r\n\r\n\/* JOOHNSON *\/\r\n.eg-lyndon-johnson-wrapper .esg-entry-media img{\r\n    filter: url(\"data:image\/svg+xml;utf8,<svg xmlns='http:\/\/www.w3.org\/2000\/svg'><filter id='grayscale'><feColorMatrix type='matrix' values='0.3333 0.3333 0.3333 0 0 0.3333 0.3333 0.3333 0 0 0.3333 0.3333 0.3333 0 0 0 0 0 1 0'\/><\/filter><\/svg>#grayscale\"); \/* Firefox 10+, Firefox on Android *\/\r\n    filter: gray; \/* IE6-9 *\/\r\n    -webkit-filter: grayscale(100%); \/* Chrome 19+, Safari 6+, Safari 6+ iOS *\/\r\n}\r\n\r\n.eg-lyndon-johnson-wrapper:hover .esg-entry-media img{\r\n    filter: url(\"data:image\/svg+xml;utf8,<svg xmlns='http:\/\/www.w3.org\/2000\/svg'><filter id='grayscale'><feColorMatrix type='matrix' values='1 0 0 0 0, 0 1 0 0 0, 0 0 1 0 0, 0 0 0 1 0'\/><\/filter><\/svg>#grayscale\");\r\n    -webkit-filter: grayscale(0%);}\r\n\r\n\r\n\/*RONALD REAGAN*\/\r\n.esg-overlay.eg-ronald-reagan-container {background: -moz-linear-gradient(top, rgba(0,0,0,0) 50%, rgba(0,0,0,0.83) 99%, rgba(0,0,0,0.85) 100%); \/* FF3.6+ *\/\r\nbackground: -webkit-gradient(linear, left top, left bottom, color-stop(50%,rgba(0,0,0,0)), color-stop(99%,rgba(0,0,0,0.83)), color-stop(100%,rgba(0,0,0,0.85))); \/* Chrome,Safari4+ *\/\r\nbackground: -webkit-linear-gradient(top, rgba(0,0,0,0) 50%,rgba(0,0,0,0.83) 99%,rgba(0,0,0,0.85) 100%); \/* Chrome10+,Safari5.1+ *\/\r\nbackground: -o-linear-gradient(top, rgba(0,0,0,0) 50%,rgba(0,0,0,0.83) 99%,rgba(0,0,0,0.85) 100%); \/* Opera 11.10+ *\/\r\nbackground: -ms-linear-gradient(top, rgba(0,0,0,0) 50%,rgba(0,0,0,0.83) 99%,rgba(0,0,0,0.85) 100%); \/* IE10+ *\/\r\nbackground: linear-gradient(to bottom, rgba(0,0,0,0) 50%,rgba(0,0,0,0.83) 99%,rgba(0,0,0,0.85) 100%); \/* W3C *\/\r\nfilter: progid:DXImageTransform.Microsoft.gradient( startColorstr='#00000000', endColorstr='#d9000000',GradientType=0 ); \/* IE6-9 *\/}\r\n\r\n\/*GEORGE BUSH*\/\r\n.eg-georgebush-wrapper .esg-entry-cover {background: -moz-linear-gradient(top, rgba(0,0,0,0) 50%, rgba(0,0,0,0.83) 99%, rgba(0,0,0,0.85) 100%); \/* FF3.6+ *\/\r\nbackground: -webkit-gradient(linear, left top, left bottom, color-stop(50%,rgba(0,0,0,0)), color-stop(99%,rgba(0,0,0,0.83)), color-stop(100%,rgba(0,0,0,0.85))); \/* Chrome,Safari4+ *\/\r\nbackground: -webkit-linear-gradient(top, rgba(0,0,0,0) 50%,rgba(0,0,0,0.83) 99%,rgba(0,0,0,0.85) 100%); \/* Chrome10+,Safari5.1+ *\/\r\nbackground: -o-linear-gradient(top, rgba(0,0,0,0) 50%,rgba(0,0,0,0.83) 99%,rgba(0,0,0,0.85) 100%); \/* Opera 11.10+ *\/\r\nbackground: -ms-linear-gradient(top, rgba(0,0,0,0) 50%,rgba(0,0,0,0.83) 99%,rgba(0,0,0,0.85) 100%); \/* IE10+ *\/\r\nbackground: linear-gradient(to bottom, rgba(0,0,0,0) 50%,rgba(0,0,0,0.83) 99%,rgba(0,0,0,0.85) 100%); \/* W3C *\/\r\nfilter: progid:DXImageTransform.Microsoft.gradient( startColorstr='#00000000', endColorstr='#d9000000',GradientType=0 ); \/* IE6-9 *\/}\r\n\r\n\/*GEORGE BUSH\r\n.eg-georgebush-wrapper .esg-entry-cover { background: rgba(0,0,0,0.5);}*\/\r\n\r\n\/*JEFFERSON*\/\r\n.eg-jefferson-wrapper { -webkit-border-radius: 5px !important; -moz-border-radius: 5px !important; border-radius: 5px !important; -webkit-mask-image: url(data:image\/png;base64,iVBORw0KGgoAAAANSUhEUgAAAAEAAAABCAIAAACQd1PeAAAAGXRFWHRTb2Z0d2FyZQBBZG9iZSBJbWFnZVJlYWR5ccllPAAAAA5JREFUeNpiYGBgAAgwAAAEAAGbA+oJAAAAAElFTkSuQmCC) !important; }\r\n\r\n\/*MONROE*\/\r\n.eg-monroe-element-1 { text-shadow: 0px 1px 3px rgba(0, 0, 0, 0.1); }\r\n\r\n\/*LYNDON JOHNSON*\/\r\n.eg-lyndon-johnson-wrapper .esg-entry-cover { background: -moz-radial-gradient(center, ellipse cover,  rgba(0,0,0,0.35) 0%, rgba(18,18,18,0) 96%, rgba(19,19,19,0) 100%); \/* FF3.6+ *\/\r\nbackground: -webkit-gradient(radial, center center, 0px, center center, 100%, color-stop(0%,rgba(0,0,0,0.35)), color-stop(96%,rgba(18,18,18,0)), color-stop(100%,rgba(19,19,19,0))); \/* Chrome,Safari4+ *\/\r\nbackground: -webkit-radial-gradient(center, ellipse cover,  rgba(0,0,0,0.35) 0%,rgba(18,18,18,0) 96%,rgba(19,19,19,0) 100%); \/* Chrome10+,Safari5.1+ *\/\r\nbackground: -o-radial-gradient(center, ellipse cover,  rgba(0,0,0,0.35) 0%,rgba(18,18,18,0) 96%,rgba(19,19,19,0) 100%); \/* Opera 12+ *\/\r\nbackground: -ms-radial-gradient(center, ellipse cover,  rgba(0,0,0,0.35) 0%,rgba(18,18,18,0) 96%,rgba(19,19,19,0) 100%); \/* IE10+ *\/\r\nbackground: radial-gradient(ellipse at center,  rgba(0,0,0,0.35) 0%,rgba(18,18,18,0) 96%,rgba(19,19,19,0) 100%); \/* W3C *\/\r\nfilter: progid:DXImageTransform.Microsoft.gradient( startColorstr='#59000000', endColorstr='#00131313',GradientType=1 ); \/* IE6-9 fallback on horizontal gradient *\/\r\n }\r\n\r\n\/*WILBERT*\/\r\n.eg-wilbert-wrapper .esg-entry-cover { background: -moz-radial-gradient(center, ellipse cover,  rgba(0,0,0,0.35) 0%, rgba(18,18,18,0) 96%, rgba(19,19,19,0) 100%); \/* FF3.6+ *\/\r\nbackground: -webkit-gradient(radial, center center, 0px, center center, 100%, color-stop(0%,rgba(0,0,0,0.35)), color-stop(96%,rgba(18,18,18,0)), color-stop(100%,rgba(19,19,19,0))); \/* Chrome,Safari4+ *\/\r\nbackground: -webkit-radial-gradient(center, ellipse cover,  rgba(0,0,0,0.35) 0%,rgba(18,18,18,0) 96%,rgba(19,19,19,0) 100%); \/* Chrome10+,Safari5.1+ *\/\r\nbackground: -o-radial-gradient(center, ellipse cover,  rgba(0,0,0,0.35) 0%,rgba(18,18,18,0) 96%,rgba(19,19,19,0) 100%); \/* Opera 12+ *\/\r\nbackground: -ms-radial-gradient(center, ellipse cover,  rgba(0,0,0,0.35) 0%,rgba(18,18,18,0) 96%,rgba(19,19,19,0) 100%); \/* IE10+ *\/\r\nbackground: radial-gradient(ellipse at center,  rgba(0,0,0,0.35) 0%,rgba(18,18,18,0) 96%,rgba(19,19,19,0) 100%); \/* W3C *\/\r\nfilter: progid:DXImageTransform.Microsoft.gradient( startColorstr='#59000000', endColorstr='#00131313',GradientType=1 ); \/* IE6-9 fallback on horizontal gradient *\/\r\n }\r\n.eg-wilbert-wrapper .esg-entry-media img{\r\n  -webkit-transition: 0.4s ease-in-out;\r\n    -moz-transition:  0.4s ease-in-out;\r\n    -o-transition:  0.4s ease-in-out;\r\n    transition:  0.4s ease-in-out;\r\n    filter: url(\"data:image\/svg+xml;utf8,<svg xmlns='http:\/\/www.w3.org\/2000\/svg'><filter id='grayscale'><feColorMatrix type='matrix' values='0.3333 0.3333 0.3333 0 0 0.3333 0.3333 0.3333 0 0 0.3333 0.3333 0.3333 0 0 0 0 0 1 0'\/><\/filter><\/svg>#grayscale\"); \/* Firefox 10+, Firefox on Android *\/\r\n    filter: gray; \/* IE6-9 *\/\r\n    -webkit-filter: grayscale(100%); \/* Chrome 19+, Safari 6+, Safari 6+ iOS *\/\r\n}\r\n\r\n.eg-wilbert-wrapper:hover .esg-entry-media img{\r\n    filter: url(\"data:image\/svg+xml;utf8,<svg xmlns='http:\/\/www.w3.org\/2000\/svg'><filter id='grayscale'><feColorMatrix type='matrix' values='1 0 0 0 0, 0 1 0 0 0, 0 0 1 0 0, 0 0 0 1 0'\/><\/filter><\/svg>#grayscale\");\r\n    -webkit-filter: grayscale(0%);}\r\n\r\n\/*PHILLIE*\/\r\n.eg-phillie-element-3:after { \r\ncontent:\" \";\r\nwidth: 0px;\r\nheight: 0px;\r\nborder-style: solid;\r\nborder-width: 5px 5px 0 5px;\r\nborder-color: #000 transparent transparent transparent;\r\nleft:50%;\r\nmargin-left:-5px; bottom:-5px; position:absolute; }\r\n\r\n\/*HOWARD TAFT*\/\r\n.eg-howardtaft-wrapper .esg-entry-media img, .eg-howardtaft-wrapper .esg-media-poster{\r\n    filter: url(\"data:image\/svg+xml;utf8,<svg xmlns='http:\/\/www.w3.org\/2000\/svg'><filter id='grayscale'><feColorMatrix type='matrix' values='1 0 0 0 0, 0 1 0 0 0, 0 0 1 0 0, 0 0 0 1 0'\/><\/filter><\/svg>#grayscale\");\r\n    -webkit-filter: grayscale(0%);\r\n}\r\n\r\n.eg-howardtaft-wrapper:hover .esg-entry-media img, .eg-howardtaft-wrapper:hover .esg-media-poster{\r\n    filter: url(\"data:image\/svg+xml;utf8,<svg xmlns='http:\/\/www.w3.org\/2000\/svg'><filter id='grayscale'><feColorMatrix type='matrix' values='0.3333 0.3333 0.3333 0 0 0.3333 0.3333 0.3333 0 0 0.3333 0.3333 0.3333 0 0 0 0 0 1 0'\/><\/filter><\/svg>#grayscale\"); \/* Firefox 10+, Firefox on Android *\/\r\n    filter: gray; \/* IE6-9 *\/\r\n    -webkit-filter: grayscale(100%); \/* Chrome 19+, Safari 6+, Safari 6+ iOS *\/\r\n}\r\n\r\n\/* WOOCOMMERCE *\/\r\n.myportfolio-container .added_to_cart.wc-forward { font-family: \"Open Sans\"; font-size: 13px; color: #fff; margin-top: 10px; }\r\n\r\n\/* LIGHTBOX *\/\r\n.esgbox-title.esgbox-title-outside-wrap { font-size: 15px; font-weight: 700; text-align: center; }\r\n.esgbox-title.esgbox-title-inside-wrap { padding-bottom: 10px; font-size: 15px; font-weight: 700; text-align: center; }"}